Olly,Alexander,nonbinary,fake51@test.com
Ser,Anzoategui,nonbinary,fake52@test.com
Bilal,Baig,nonbinary,fake53@test.com
Kate,Bornstein,nonbinary,fake54@test.com
River,Butcher,nonbinary,fake55@test.com
Miley,Cyrus,nonbinary,fake56@test.com
Cara,Delevingne,nonbinary,fake57@test.com
Asia Kate,Dillon,nonbinary,fake58@test.com
Rain,Dove,nonbinary,fake59@test.com
River,Gallo,nonbinary,fake60@test.com
Tylan,Grant,nonbinary,fake61@test.com
Liv,Hewson,nonbinary,fake62@test.com
Eddie,Izzard,nonbinary,fake63@test.com
Jesse James,Keitel,nonbinary,fake64@test.com
Jesse,Leigh,nonbinary,fake65@test.com
Demi,Lovato,nonbinary,fake66@test.com
Brigette,Lundy-Paine,nonbinary,fake67@test.com
Kelly,Mantle,nonbinary,fake68@test.com
Rose,McGowan,nonbinary,fake69@test.com
Ezra,Miller,nonbinary,fake70@test.com
Janelle,Mon√°e,nonbinary,fake71@test.com
Indya,Moore,nonbinary,fake72@test.com
Richard,O'Brien,nonbinary,fake73@test.com
Elliot,Page,nonbinary,fake74@test.com
Ruby,Rose,nonbinary,fake75@test.com
Amandla,Stenberg,nonbinary,fake76@test.com
Bex,Taylor-Klaus,nonbinary,fake77@test.com
JayR,Tinaco,nonbinary,fake78@test.com
Nico,Tortorella,nonbinary,fake79@test.com
Joanne,Vannicola,nonbinary,fake80@test.com
Lachlan,Watson,nonbinary,fake81@test.com
Ellar,Coltrane,nonbinary,fake82@test.com
Emil,Jannings,male,fake83@test.com
Warner,Baxter,male,fake84@test.com
George,Arliss,male,fake85@test.com
Lionel,Barrymore,male,fake86@test.com
Wallace,Beery,male,fake87@test.com
Fredric,March,male,fake88@test.com
Charles,Laughton,male,fake89@test.com
Clark,Gable,male,fake91@test.com
Victor,McLaglen,male,fake92@test.com
Paul,Muni,male,fake93@test.com
Spencer,Tracy,male,fake94@test.com
Robert,Donat,male,fake95@test.com
Jimmy,Stewart,male,fake96@test.com
Gary,Cooper,male,fake97@test.com
James,Cagney,male,fake98@test.com
Paul,Lukas,male,fake99@test.com
Bing,Crosby,male,fake90@test.com
Ray,Milland,male,fake101@test.com
Jose,Ferrer,male,fake102@test.com
Basil,Rathbone,male,fake103@test.com
Rex,Harrison,male,fake104@test.com
Zero,Mostel,male,fake105@test.com
Walter,Matthau,male,fake106@test.com
James Earl,Jones,male,fake107@test.com
Al,Pacino,male,fake108@test.com
Jeremy,Irons,male,fake109@test.com
Derek,Jacobi,male,fake100@test.com
Ralph,Fiennes,male,fake110@test.com
Mark,Rylance,male,fake111@test.com
Denzel,Washington,male,fake112@test.com
Patricia,Neal,female,fake113@test.com
Maureen,Stapleton,female,fake114@test.com
Anne,Bancroft,female,fake115@test.com
Rita,Moreno,female,fake116@test.com
Trazana,Beverley,female,fake117@test.com
Swoosie,Kurtz,female,fake118@test.com
Audra,McDonald,female,fake119@test.com
Blair,Brown,female,fake120@test.com
Angela,Lansbury,female,fake121@test.com
Sophie,Okonedo,female,fake122@test.com
Katharine,Hepburn,female,fake123@test.com
Ginger,Rogers,female,fake124@test.com
Joan,Crawford,female,fake125@test.com
Audrey,Hepburn,female,fake126@test.com
Julie,Andrews,female,fake127@test.com
Diane,Keaton,female,fake128@test.com
Meryl,Streep,female,fake129@test.com
Sally,Field,female,fake130@test.com
Emma,Thompson,female,fake131@test.com
Halle,Berry,female,fake132@test.com
Charlize,Theron,female,fake133@test.com
Zoe,Saldana,female,fake134@test.com
Queen,Latifah,female,fake135@test.com
Gabrielle,Union,female,fake136@test.com
Lena,Horne,female,fake137@test.com
Taraji P.,Henson,female,fake138@test.com
Rashida,Jones,female,fake139@test.com
Dorothy,Dandridge,female,fake140@test.com
Jennifer,Hudson,female,fake141@test.com
Hattie,McDaniel,female,fake142@test.com
Thandie,Newton,female,fake143@test.com
Kerry,Washington,female,fake144@test.com
Tracee Ellis,Ross,female,fake145@test.com
Aisha,Tyler,female,fake146@test.com
Regina,Hall,female,fake147@test.com
Phylicia,Rashad,female,fake148@test.com
Alfre,Woodard,female,fake149@test.com
Wanda,Sykes,female,fake150@test.com
Renee Elise,Goldsberry,female,fake151@test.com
Lena,Waithe,female,fake152@test.com
